"Item","Qty","Reference(s)","Value","Datasheet","DNP","Footprint","Distributor","Distributor ref","Manufacturer ref","Sim.Enable"
"1","1","C201","68uF (EEHZA1V680XP)","https://www.mouser.ch/datasheet/2/315/ABA0000C1221-1280637.pdf","","Capacitor_SMD:CP_Elec_6.3x7.7","Mouser","667-EEH-ZA1V680XP","EEH-ZA1V680XP",""
"2","1","C202","1uF 50V X7R","https://www.mouser.ch/datasheet/2/40/AVX_X7RDielectric_777024-1853642.pdf","","Capacitor_SMD:C_0603_1608Metric","Mouser","581-06035C105KAT2A","06035C105KAT2A",""
"3","1","C203","1uF 6.3V X7R","https://www.mouser.ch/datasheet/2/212/KEM_C1002_X7R_SMD-1102033.pdf","","Capacitor_SMD:C_0603_1608Metric","Mouser","80-C0603C105K9R","C0603C105K9RACTU",""
"4","1","C204","10uF 6.3V X7R","https://search.murata.co.jp/Ceramy/image/img/A01X/G101/ENG/GRM31CR71E106KA12-01.pdf","","Capacitor_SMD:C_1206_3216Metric","Mouser","187-CL31B106KQHNFNE","CL31B106KQHNFNE",""
"5","3","C301-03","390uF 63V (UCZ1J391MNS1MS)","https://www.mouser.ch/datasheet/2/293/e_ucz-1903374.pdf","","Capacitor_SMD:CP_Elec_16x17.5","Mouser","647-UCZ1J391MNS1MS","UCZ1J391MNS1MS",""
"6","4","C501-04","330nF","https://product.tdk.com/system/files/dam/doc/product/capacitor/ceramic/mlcc/catalog/mlcc_commercial_general_en.pdf?ref_disty=mouser","","Capacitor_SMD:C_0603_1608Metric","Mouser","810-C1608X7R1H334K","C1608X7R1H334K080AC",""
"7","2","C601-02","220pF 50V C0G","https://www.mouser.ch/datasheet/2/315/AOA0000C304-1149620.pdf","","Capacitor_SMD:C_0603_1608Metric","Mouser","667-ERJ-3EKF2202V","ERJ-3EKF2202V",""
"8","1","C603","0.1uF 50V X7R","https://www.mouser.ch/datasheet/2/212/KEM_C1023_X7R_AUTO_SMD-1093309.pdf","","Capacitor_SMD:C_0603_1608Metric","Mouser","80-C603C104K5RAC3121","C0603C104K5RAC3121",""
"9","2","D201-02","SMF30A","https://www.taiwansemi.com/assets/uploads/datasheet/SMF5.0A%20SERIES_D2103.pdf","","Diode_SMD:D_SOD-123","Mouser","637-SMF30A","SMF30A",""
"10","1","D203","PRTR5V0U2X","https://assets.nexperia.com/documents/data-sheet/PRTR5V0U2X.pdf","","Package_TO_SOT_SMD:SOT-143","Mouser","771-PRTR5V0U2X-T/R","PRTR5V0U2X,215",""
"11","2","D301-02","SMBJ54A","https://www.mouser.ch/datasheet/2/240/Littelfuse_TVS_Diode_SMBJ_Datasheet_pdf-1108540.pdf","","Diode_SMD:D_SMB","Mouser","576-SMBJ54A","SMBJ54A",""
"12","1","F201","0157010","https://www.mouser.ch/datasheet/2/240/Littelfuse_Fuse_157_Datasheet_pdf-970924.pdf","","0_fuse:Fuseholder_Littelfuse_Nano2_157x","Mouser","576-0157010.DR","0157010.DR",""
"13","1","F301","0456 020","https://www.mouser.ch/datasheet/2/240/Littelfuse_Fuse_456_Datasheet_pdf-1372353.pdf","","0_fuse:0456 020","Mouser","576-0157010.DR","0157010.DR",""
"14","1","G201","~","https://www.maxongroup.com/medias/sys_master/root/8839867334686/EPOS4-Micro-24-5-CAN-Hardware-Reference-En.pdf","DNP","0_maxon_controllers:Micro_24_5_CAN","","","","0"
"15","1","G301","~","https://www.maxongroup.com/medias/sys_master/8819146883102.pdf?attachment=true","DNP","0_maxon_controllers:Compact_50_8_CAN","","","",""
"16","2","H201-02","M2 (2.2mm)","https://www.mouser.ch/datasheet/2/445/1/9774045243R-3102790.pdf","","MountingHole:MountingHole_2.2mm_M2_Pad","Mouser","710-9774045243R","9774045243R",""
"17","1","J201","EPOS4 Micro 24/5 CAN Terminal/socket (LSHM-140-02.5-L-DV-A-N-K-TR)","https://www.mouser.ch/datasheet/2/527/lshm-2854603.pdf","","0_connectors:Samtec_LSHM-140-xx.x-x-DV-N_2x40_P0.50mm_Vertical","Mouser","200-LSHM1402.5LDVANK","LSHM-140-02.5-L-DV-A-N-K-TR",""
"18","2","J202, 303","Motor (X3) - Molex Mini-Fit Jr.","https://www.molex.com/pdm_docs/sd/039281023_sd.pdf","","0_connectors:Molex_Mini-Fit_Jr_5566-04A_2x02_P4.20mm_Vertical","Mouser","538-39-28-1043","39-28-1043",""
"19","2","J203, 304","Hall Sensor (X4) - Molex Micro-Fit 3.0","https://www.mouser.ch/datasheet/2/276/3/0430450624_PCB_HEADERS-2832714.pdf","","0_connectors:MOLEX_43045-0624","Mouser","538-43045-0624","43045-0624",""
"20","2","J204, 305","Encoder (X5) - Pin headers 2.54mm","https://www.mouser.ch/datasheet/2/527/htss-2854457.pdf","","0_connectors:SAMTEC-HTST-105-01-X-DV","Mouser","200-HTSS10501TDV","HTSS-105-01-T-DVHTSS-105-01-T-DV",""
"21","2","J205, 306","Sensor (X6) - Molex CLIK-Mate","https://www.mouser.ch/datasheet/2/276/4/5031541090_PCB_RECEPTACLES-2885448.pdf","","0_connectors:MOLEX_5031541090","Mouser","538-503154-1090","503154-1090",""
"22","1","J206","USB_B_Micro","https://www.molex.com/pdm_docs/sd/1051330001_sd.pdf","","0_connectors:USB_Micro-B_Molex-105133-0001","Mouser","538-105133-0001","105133-0001",""
"23","1","J301","02x23 Socket header (SSM-123-L-DV)","https://www.mouser.ch/datasheet/2/527/ssm_sm-2853675.pdf","","0_connectors:SSM-123-L-DV","Mouser","200-SSM123LDV","SSM-123-L-DV",""
"24","1","J302","02x16 Socket header (SSM-116-L-DV)","https://www.mouser.ch/datasheet/2/527/ssm_sm-2853675.pdf","","0_connectors:SSM-116-L-DV","Mouser","200-SSM116LDV","SSM-116-L-DV",""
"25","2","J401-02","Power supply (X1) - XT60","https://www.tme.eu/Document/ceb306d6300f4d2860483975b79af125/XT60UPB-M.pdf","","Connector_AMASS:AMASS_XT60-M_1x02_P7.20mm_Vertical","TME","XT60UPB-M","XT60UPB-M",""
"26","1","J403","CAN 1 (X11) - Molex CLIK-Mate","https://www.molex.com/webdocs/datasheets/pdf/en-us/5025840460_PCB_RECEPTACLES.pdf","","0_connectors:MOLEX_5025840460","Mouser","538-502584-0460","502584-0460",""
"27","1","J404","CAN2 (X12) - Molex CLIK-Mate","https://www.molex.com/webdocs/datasheets/pdf/en-us/5025840460_PCB_RECEPTACLES.pdf","","0_connectors:MOLEX_5025840460","Mouser","538-502584-0460","502584-0460",""
"28","1","L201","LQH5BPH470MT0L (47uH)","https://www.mouser.ch/datasheet/2/281/1/JELF243A_9149-1569916.pdf","","0_inductors:LQH5BPB100MT0L","Mouser","81-LQH5BPH470MT0L","LQH5BPH470MT0L",""
"29","2","R201, 301","120R","https://www.mouser.ch/datasheet/2/427/crcwhpe3-1713858.pdf","","Resistor_SMD:R_0603_1608Metric","Mouser","71-CRCW0603120RFKEAH","CRCW0603120RFKEAHP",""
"30","4","R501-04","100k","https://www.mouser.ch/datasheet/2/427/crcwhpe3-1713858.pdf","","Resistor_SMD:R_0603_1608Metric","Mouser","71-CRCW0603100KFKEAH","CRCW0603100KFKEAHP",""
"31","2","R601-02","150R","https://www.mouser.ch/datasheet/2/427/crcwhpe3-1713858.pdf","","Resistor_SMD:R_0603_1608Metric","Mouser","71-CRCW0603150RFKEAH","CRCW0603150RFKEAHP",""
"32","2","R603-04","20k","https://www.mouser.ch/datasheet/2/348/ROHM_S_A0011096274_1-2563284.pdf","","Resistor_SMD:R_0603_1608Metric","Mouser","755-SDR03EZPF2002","SDR03EZPF2002",""
"33","1","R605","22k","https://www.mouser.ch/datasheet/2/315/AOA0000C304-1149620.pdf","","Resistor_SMD:R_0603_1608Metric","Mouser","667-ERJ-3EKF2202V","ERJ-3EKF2202V",""
"34","1","R606","1k","https://www.mouser.ch/datasheet/2/427/crcwhpe3-1713858.pdf","","Resistor_SMD:R_0603_1608Metric","Mouser","71-CRCW06031K00FKEAH","CRCW06031K00FKEAHP",""
"35","2","SW201, 301","218-8LPST","https://www.mouser.ch/datasheet/2/96/218-1144897.pdf","","0_switch:2188LPST","Mouser","774-2188LPST","218-8LPST",""
"36","1","SW202","450301014042","https://www.mouser.ch/datasheet/2/445/450301014042-3087473.pdf","","0_switch:450301014042","Mouser","710-450301014042","450301014042",""
"37","1","U201","MAX15462BATA+T","https://www.analog.com/MAX15462/datasheet","","0_regulator:MAX15462BATA","Mouser","700-MAX15462BATA+T","MAX15462BATA+T",""
"38","1","U601","ISL8490E","https://www.mouser.ch/datasheet/2/698/REN_isl8488e_89e_90e_91e_DST_20220203-1998736.pdf","","0_transceiver:ISL8490E-SOIC-8","Mouser","968-ISL8490EIBZ-T","ISL8490EIBZ-T",""
