"Item","Qty","Reference(s)","Value","Datasheet","DNP","Footprint","Digikey ref","Manufacturer ref","Mouser ref"
"1","6","C1-2, 4-7","1uF","https://www.yuden.co.jp/productdata/catalog/mlcc06_e.pdf","","Capacitor_SMD:C_0603_1608Metric_Pad1.08x0.95mm_HandSolder","587-2984-1-ND","TMK107B7105KA-T",""
"2","1","C3","0.1uF","https://www.mouser.ch/datasheet/2/40/KGM_X7R-3223212.pdf","","Capacitor_SMD:C_0603_1608Metric_Pad1.08x0.95mm_HandSolder","478-KGM15BR71H104JTCT-ND","06035C104JAT2A",""
"3","1","J1","Hat_connector_hole","","","0_connectors:Hat_connector_hole","","",""
"4","4","J2-5","B3B-XH-A(LF)(SN)","https://www.jst-mfg.com/product/pdf/eng/eXH.pdf","","Connector_JST:JST_XH_B3B-XH-A_1x03_P2.50mm_Vertical","455-2248-ND","B3B-XH-A(LF)(SN)",""
"5","1","J6","BM04B-GHS-TBT(LF)(SN)(N)","https://www.jst-mfg.com/product/pdf/eng/eGH.pdf","","0_connectors:PicoBlade-JST-GH-1x04_1.25mm_Vertical","455-1580-1-ND","BM04B-GHS-TBT(LF)(SN)(N)",""
"6","2","R1-2","DNP","~","DNP","Resistor_SMD:R_0603_1608Metric_Pad0.98x0.95mm_HandSolder","","",""
"7","4","R3-6","100R","https://www.seielect.com/Catalog/SEI-RMCF_RMCP.pdf","","Resistor_SMD:R_0603_1608Metric_Pad0.98x0.95mm_HandSolder","RMCF0603FT100RCT-ND","RMCF0603FT100R",""
"8","1","U1","ADS1115BQDGSRQ1","http://www.ti.com/lit/ds/symlink/ads1113.pdf","","Package_SO:VSSOP-10_3x3mm_P0.5mm","","ADS1115BQDGSRQ1","595-ADS1115BQDGSRQ1"
"9","1","U2","TPS7A2030PDBVR","https://www.ti.com/lit/ds/symlink/tps7a20.pdf?HQS=dis-dk-null-digikeymode-dsf-pf-null-wwe&ts=1667736407145","","Package_TO_SOT_SMD:SOT-23-5","296-TPS7A2030PDBVRCT-ND","TPS7A2030PDBVR",""
